Year,Event_1,Event_2,Event_3,Event_4,Event_5,Positivity_Score_1,Positivity_Score_2,Positivity_Score_3,Positivity_Score_4,Positivity_Score_5
1904,Chhath Puja acts as a major unifying cultural force,Sonepur Cattle fair held showcasing resilient rural economy,Hockey is introduced at Patna College,Local vernacular education efforts initiated,Agricultural output stagnates under strict taxation,9,8,8,7,3
1905,Swadeshi movement boosts local handloom demand,Railway infrastructure planning undertaken,Traditional Pitrapaksha Mela held in Gaya,Mithila painters continue traditional art documentation,Traditional agricultural harvest stabilizes,7,7,8,9,6
1906,Traditional weavers face severe colonial economic pressure,Regional literature sees quiet but steady growth,Annual Shrawani Mela attracts millions of devotees,Chhath Puja celebrated across all districts,Sonepur Mela continues as massive cattle and trade fair,3,7,8,9,8
1907,Local cottage industries produce saltpetre,Indigo farming continues under exploitative European planters,Chhath Puja celebrated fostering community bonds,Rajgir ancient heritage sites receive ongoing pilgrim traffic,Sonepur Mela adapts to ongoing colonial trade conditions,6,4,9,8,8
1908,Severe floods affect the Tirhut division causing damage,Sonepur Mela continues as Asia largest cattle fair,Buddhist pilgrims visit Bodh Gaya for enlightenment anniversary,Vernacular press expands its cultural reach,Shrawani Mela observes high turnout of spiritual seekers,2,8,9,7,8
1909,Survey of the diaras of Gandak and Ganges rivers conducted,Makar Sankranti Mela celebrated at Rajgir with traditional fervor,Traditional agricultural cycles yield stable kharif crop,Chhath Puja serves as a platform for community solidarity,Sonepur Mela reports steady regional trade,7,8,7,9,8
1910,Bihula Festival celebrated widely in the Bhagalpur and Anga region,Local artisans expand handloom textile production,Agricultural prices fluctuate wildly hurting rural poor,Pitrapaksha Mela ancestral rites continue uninterrupted,Rajgir Mahotsav highlights ancient Magadha history,8,7,4,8,8
1911,Chhath Puja observed with heightened regional pride,Sonepur Cattle fair sees increased regional integration,Local educational trusts begin forming to support rural youth,Traditional Shrawani Mela observes high devotional turnout,Handloom textiles gain local popularity,9,8,8,8,7
1912,Bihar Diwas celebrated for the first time ,Patna officially established as the new capital city,Sonepur Mela continues despite administrative shifts,Chhath Puja celebrated with new state identity,Lawn tennis makes its debut in Bihar at Bankipur,10,9,8,9,8
1913,Patna University Committee set up for separate university,Floods occur in several districts of Bihar and Orissa,Traditional Shrawani Mela observes high turnout,Chhath Puja celebrated safely,Sonepur Mela trade volumes remain stable,8,2,8,9,8
1914,Heavy floods strike Bihar causing severe crop damage,Outbreak of First World War affects local rural economy,Pitrapaksha Mela ancestral rites continue in Gaya,Chhath Puja unifies communities during economic stress,Sonepur Mela adapts to wartime trade conditions,2,3,8,9,7
1915,Relief measures undertaken for floods in Champaran and Darbhanga,Wartime inflation hits rural Bihar populations,Regional literature in Maithili and Bhojpuri expands,Chhath Puja celebrated with deep devotion,Sonepur Mela adapts to wartime supply chains,6,3,8,9,8
1916,Patna High Court formally founded and opened [57],Engineering scheme guidelines for flood protection proposed,Rajgir Mahotsav highlights ancient heritage,Traditional Shrawani Mela draws spiritual seekers,Chhath Puja celebrated across all districts,10,7,8,8,9
1917,Patna University inaugurated in November,Champaran movement highlights indigo farmers agrarian plight,Bihula Festival celebrated with social vigor,Sonepur Cattle fair continues uninterrupted,Chhath Puja observed with massive gatherings,10,8,8,8,9
1918,Spanish Flu pandemic causes high mortality in rural areas,Makar Sankranti Mela held amidst public health crisis,Local cooperatives begin forming for farmer support,Shrawani Mela provides spiritual relief,Pitrapaksha Mela organized with sanitation measures,1,8,7,8,8
1919,Post-war inflation causes severe economic distress,Chhath Puja serves as a platform for community solidarity,Sonepur Mela resumes normal trade volume,Traditional agricultural cycles yield stable crop,Expansion of vernacular schools increases access,3,9,8,7,8
1920,Main building of the Bihar Legislature successfully completed,Migration of Bihari workers to British colonies continues,Traditional Shrawani Mela draws national pilgrims,Chhath Puja celebrated with community cleanliness drives,Sonepur Mela trade volumes grow,10,4,8,9,8
1921,Establishment of Bihar Vidyapeeth for nationalistic education [58],Traditional Shrawani Mela observes high turnout,Mithila art utilized in rural areas for social messaging,Local handloom sector grows steadily,Pitrapaksha Mela ancestral rites continue,9,8,9,8,8
1922,Bihar National College inaugurated [58],Pitrapaksha Mela maintains deep cultural continuity,Handloom sector grows as domestic demand increases,Chhath Puja celebrated safely on river banks,Sonepur Cattle fair sees increased regional trade,9,8,8,9,8
1923,Infrastructure maintenance on key rail lines improves slightly,Chhath Puja celebrated with community cleanliness drives,Rajgir heritage sites mapped for archaeological value,Traditional Shrawani Mela draws national pilgrims,Bihula Festival celebrated in Bhagalpur,7,9,8,8,8
1924,Public health initiatives launched in Patna to combat diseases,Expansion of vernacular schools in rural districts,Bihula Festival observes high participation,Agricultural yield recovers from previous poor monsoons,Makar Sankranti Mela held with high public turnout,8,8,8,7,8
1925,Patna Medical College and Hospital established,Khadi production centers established widely across the state,Sonepur Cattle fair introduces modern veterinary checks,Makar Sankranti Mela held peacefully,Chhath Puja observes massive gatherings,10,8,8,8,9
1926,Trade union movements begin in southern coal belts,Communal harmony initiatives launched by local groups,Chhath Puja serves as a platform for community solidarity,Traditional artisans receive local cooperative financial support,Shrawani Mela facilitated with better transport logistics,6,8,9,8,8
1927,Graduate level curriculum introduced in Bihar School of Engineering,Early surveys conducted for minor river bridges,Shrawani Mela draws peaceful and highly devotional crowds,Local poetry and literature in Bhojpuri flourishes,Sonepur Mela adapts to new agricultural machinery,9,7,8,8,8
1928,Kisan Sabha movement focuses on agrarian and peasant welfare,Pitrapaksha Mela organized with greatly improved sanitation,Agricultural commercialization slowly increases in fertile plains,Chhath Puja provides crucial psychological resilience,Rajgir Mahotsav attracts global scholars of ancient Buddhism,8,8,7,9,8
1929,Massive peasant rallies held highlighting agrarian issues,Rajgir Mahotsav highlights regional Magadha culture,Sonepur Mela reports record cattle trading volumes,Traditional Shrawani Mela observes high turnout,Bihula Festival highlights regional Anga culture,7,8,9,8,8
1930,Davis Cup Tournament hosted in Bihar,Manufacture of contraband salt serves as an economic protest,Indigenous local industries receive massive domestic boost,Chhath Puja observed with massive gatherings,Pitrapaksha Mela ancestral rites continue in Gaya,9,7,8,9,8
1931,Debates on untouchability and social reform intensify locally,Bihula Festival celebrated across the entire Anga region,Local handloom weavers report significantly increased sales,Traditional Shrawani Mela draws national pilgrims,Sonepur Mela continues as massive cattle and trade fair,7,8,8,8,8
1932,Bihar College of Engineering formally renamed and expanded,Makar Sankranti Mela held at Rajgir safely,Rural communities maintain solidarity through shared harvests,Chhath Puja celebrated with deep devotion,Pitrapaksha Mela maintains cultural continuity,9,8,8,9,8
1933,Harijan upliftment campaigns traverse rural Bihar,Focus shifts to constructive programs and spinning khadi,Shrawani Mela provides spiritual relief,Mithila painting recognized formally by regional art scholars,Sonepur Mela adapts to new trade conditions,8,8,8,9,8
1934,Devastating Bihar-Nepal earthquake strikes on January 15,Massive destruction of infrastructure in Munger and Muzaffarpur,Earthquake is followed by severe and devastating floods,Chhath Puja provides crucial psychological resilience to survivors,Reconstruction of Patna and affected districts begins immediately,1,1,1,9,7
1935,Earthquake reconstruction efforts successfully restore key rail links,Peasant movements demand massive agrarian reform,Pitrapaksha Mela sees return of out-of-state pilgrims,Sonepur Mela resumes normal operations post-quake recovery,Traditional Shrawani Mela observes high turnout,8,7,8,8,8
1936,Bihar cricket team participates in the Ranji Tournament ,Rajgir heritage sites receive targeted conservation funding,Agricultural sector shows strong recovery from disaster years,Chhath Puja celebrated in a spirit of recovery,Bihula Festival highlights regional folklore preservation,9,8,8,9,8
1937,Educational funding increased significantly by provincial government,Chhath Puja celebrated across all districts safely,Traditional Shrawani Mela draws national pilgrims,Sonepur Mela continues as massive cattle fair,Pitrapaksha Mela ancestral rites continue,9,9,8,8,8
1938,Bihar Tenancy Amendment Act provides relief to farmers,Industrial disputes in Dalmianagar successfully mediated,Bihula Festival highlights regional Anga culture,Literacy campaigns launched aggressively in rural districts,Makar Sankranti Mela held with high public turnout,8,7,8,9,8
1939,Wartime inflation begins to severely affect basic food prices,Makar Sankranti Mela held safely,Handloom sector tasked with fulfilling massive wartime textile needs,Chhath Puja provides community cohesion during crisis,Sonepur Mela adapts to wartime trade conditions,3,8,7,9,8
1940,Shrawani Mela observes continued high devotion despite war,Agricultural output remains stable despite global war disruptions,Pitrapaksha Mela organized with sanitation measures,Rajgir Mahotsav highlights ancient Magadha history,Bihula Festival celebrated widely in the Bhagalpur region,8,7,8,8,8
1941,Prices of essential commodities rise sharply hurting the poor,Pitrapaksha Mela held under severe wartime economic strain,Local leaders focus on communal harmony programs proactively,Chhath Puja celebrated with deep devotion,Sonepur Mela trade heavily affected by wartime austerity,3,8,8,9,6
1942,Massive sabotage of rail and telegraph lines disrupts logistics,Chhath Puja becomes a powerful symbol of national resilience,Traditional Shrawani Mela draws spiritual seekers,Bihula Festival highlights regional folklore,Makar Sankranti Mela held safely,3,9,8,8,8
1943,Famine conditions in neighboring Bengal heavily impact border districts,Economic hoarding causes acute local distress and hunger,Sonepur Mela sees reduced trade due to travel restrictions,Rural communities rely successfully on indigenous farming techniques,Pitrapaksha Mela ancestral rites continue uninterrupted,2,2,4,7,8
1944,Wartime economy stabilizes slightly preventing total collapse,Rajgir Mahotsav provides much needed cultural relief,Mithila artists continue undocumented traditional work preserving heritage,Chhath Puja provides massive community solidarity,Shrawani Mela facilitated with better transport logistics,6,8,9,9,8
1945,End of WWII brings relief from severe wartime inflation,Bihula Festival celebrated with renewed freedom and joy,Educational institutions see complete return of academic normalcy,Sonepur Mela resumes normal operations post-war,Pitrapaksha Mela organized with greatly improved sanitation,8,8,8,8,8
1946,Darbhanga Medical College and Hospital established,Tragic loss of life and property in religious violence,Makar Sankranti Mela overshadowed by communal tension,State government begins drafting Zamindari abolition plans,Chhath Puja provides crucial psychological resilience,10,1,4,8,9
1947,Initial steps taken toward democratic nation-building,Chhath Puja celebrated in a free India for the first time,Mass migration disrupts traditional artisan and agrarian economies,Traditional Shrawani Mela observes high turnout,Sonepur Mela trade volumes grow,9,10,3,8,8
1948,Efforts to rehabilitate refugees from East Pakistan initiated,Zamindari Abolition Bill formally introduced for agrarian reform,Shrawani Mela celebrated with intense nationalistic fervor,Agricultural reforms initiated to protect local sharecroppers,Pitrapaksha Mela ancestral rites continue in Gaya,7,8,8,8,8
1949,First major post-independence infrastructure plans drafted,Pitrapaksha Mela sees massive influx of domestic pilgrims,Expansion of Patna University academic and research facilities,Chhath Puja serves as a platform for community solidarity,Sonepur Cattle Fair recognized globally for its immense scale,8,9,9,9,9
1950,Sonepur Cattle Fair continues as Asia largest animal fair,Rajgir established as a key international Buddhist circuit node,State economic planning fully aligns with national objectives,Traditional Shrawani Mela draws national pilgrims,Bihula Festival highlights regional Anga culture,9,9,8,8,8
1951,First Five-Year Plan launched with strong focus on agriculture,Preliminary surveys for the Koilwar and Ganges bridges begin,State literacy programs expanded aggressively to rural blocks,Chhath Puja officially recognized in state cultural calendars,Agrarian output increases due to highly stable monsoons,8,8,9,9,8
1952,Patna University converted into a purely teaching-cum-residential university,Zamindari system formally and legally abolished enabling agrarian reform,Bihula Festival garners official state cultural patronage,Early planning for heavy industries in Chota Nagpur plateau begins,Sonepur Mela integrates modern agricultural machinery exhibitions,9,9,8,8,8
1953,Implementation of land reforms begins at the grassroots level,New irrigation canals dug in central Bihar plains boosting yield,Makar Sankranti Mela at Rajgir expanded for tourism,Public health campaigns successfully target malaria and cholera,Shrawani Mela management improved by state authorities,8,9,8,9,8
1954,Kosi river embankments project initiated to control annual floods,Sahitya Akademi Awards established recognizing regional literature,Expansion of primary education network reaches remote villages,Shrawani Mela facilitated with better transport logistics,Mithila painting gains initial national handicraft recognition,8,9,9,8,9
1955,Birla Institute of Technology (BIT) established at Mesra,Makhanlal Chaturvedi wins Sahitya Akademi Award for Hindi,Pitrapaksha Mela logistics modernized for crowd control,Agricultural extension services introduced to support farmers,Chhath Puja celebrated across all districts safely,10,9,8,8,9
1956,Second Five-Year Plan commences with heavy industry focus,Barauni Oil Refinery construction officially approved,Chhath Puja sees state-sponsored ghat cleaning initiatives,Sonepur Mela adapts to new agricultural machinery,Shrawani Mela draws peaceful and highly devotional crowds,9,10,9,8,8
1957,Heavy Engineering Corporation (HEC) plant initiated at Hatia,Bokaro Steel Plant planning gains massive momentum,Rajgir Mahotsav officially promoted by state tourism board,Sulphur mines developed at Amjhaur for industrial use,Pitrapaksha Mela organized with improved sanitation,9,9,8,8,8
1958,Barauni Fertiliser Plant and Thermal Power Station underway,Sindri Fertiliser Plant boosts agricultural inputs significantly,Bihula Festival highlights regional folklore preservation,State GDP growth aligns perfectly with national industrial boom,Sonepur Mela reports steady regional trade,9,9,8,8,8
1959,Rajendra Setu rail bridge over the Ganges officially opened,Kargali Coal Washery operations expanded for steel production,Makar Sankranti Mela celebrates improved regional connectivity,Barauni Dairy Project initiated to support rural farmers,Chhath Puja serves as a platform for community solidarity,10,8,8,9,9
1960,Industrial output peaks in the southern Chota Nagpur region,Agricultural sector shows steady but slow modernization,Shrawani Mela attracts record numbers due to rail links,Cultural renaissance in Hindi and Maithili literature blossoms,Pitrapaksha Mela ancestral rites continue in Gaya,9,8,9,9,8
1961,Bihar State Sports Council established,Census shows steady population growth requiring more resources,Pitrapaksha Mela sees expanded state security and hygiene,New universities planned to decentralize higher education,Sonepur Mela continues as massive cattle and trade fair,9,6,8,8,8
1962,Magadh University established in Bodhgaya,Industrial expansion slows due to national defense priorities,Chhath Puja celebrated with prayers for national security,Sonepur Mela trade heavily affected by wartime austerity,Traditional Shrawani Mela observes high turnout,10,5,9,6,8
1963,Agrarian distress begins to surface due to unequal land reform,State infrastructure maintenance begins to lag behind needs,Rajgir Mahotsav maintains cultural morale and tourism,Mithila painters begin transition to paper and canvas mediums,Bihula Festival celebrated widely in the Bhagalpur region,4,4,8,9,8
1964,Drought conditions threaten the agricultural harvest severely,Food shortages reported in several vulnerable northern districts,Bihula Festival provides community cohesion during crisis,Early green revolution technologies introduced experimentally,Chhath Puja provides crucial psychological resilience,2,2,8,7,9
1965,Food crisis deepens leading to strict government rationing,Makar Sankranti Mela held with somber national mood,Sonepur Mela adapts to ongoing economic constraints,Pitrapaksha Mela ancestral rites continue uninterrupted,Traditional Shrawani Mela draws spiritual seekers,3,6,8,8,8
1966,Yashodhar Jha wins first Sahitya Akademi Award for Maithili,Severe drought causes near-famine conditions across Bihar,Massive national and international food relief operations deployed,Shrawani Mela attendance drops due to severe economic hardship,Agricultural sector collapses temporarily but avoids mass starvation,9,1,7,4,2
1967,Pitrapaksha Mela provides steady localized economic activity,Naxalite movement influences agrarian struggles in rural areas,Chhath Puja remains a stabilizing cultural constant for citizens,Sonepur Mela continues despite administrative challenges,Rajgir Mahotsav highlights ancient Magadha history,8,4,9,8,8
1968,Yatri (Vaidyanath Mishra) wins Sahitya Akademi Award for Maithili poetry,Law and order situation begins to visibly deteriorate,Chhath Puja celebrated across all districts safely,Sonepur Mela reports steady regional trade,Shrawani Mela facilitated with better transport logistics,9,3,9,8,8
1969,Upendranth Jha wins Sahitya Akademi Award for Maithili novel,Anugrah Narayan Magadh Medical College and Hospital established,Approval granted for massive Mahatma Gandhi Setu bridge project,Rajgir Mahotsav celebrates regional identity amidst turmoil,Agricultural recovery post-drought brings immense relief,9,10,9,8,8
1970,Nalanda and Sri Krishna Medical Colleges established,Kashikant Mishra wins Sahitya Akademi Award for Maithili,Davis Cup Tournament hosted in Bihar,Green revolution techniques slowly boost wheat yields locally,Bihula Festival highlights regional Anga culture,10,9,9,8,8
1971,Surenda Jha Suman wins Sahitya Akademi Award for Maithili poetry,Footballer C Prasad captains Indian team and wins Arjuna Award,Makar Sankranti Mela celebrated with intense national pride,State absorbs economic shocks of national war effort resiliently,Chhath Puja serves as a platform for community solidarity,9,9,8,7,9
1972,Preliminary civil work on Mahatma Gandhi Setu finally begins,Shrawani Mela infrastructure upgraded to handle larger crowds,Smallpox eradication campaigns intensified across the state,Sonepur Mela continues as massive cattle and trade fair,Pitrapaksha Mela organized with improved sanitation,9,8,9,8,8
1973,Braj Kishore Verma wins Sahitya Akademi Award for Maithili novel,Global oil crisis hits state economy and transport hard,Severe inflation leads to widespread public dissatisfaction,Pitrapaksha Mela held under severe economic strain,Agricultural input prices skyrocket affecting poor farmers,9,3,3,8,3
1974,Smallpox epidemic hits Nalanda; CDC and WHO successfully intervene,Bihar Industrial Area Development Authority (BIADA) established,Massive strikes paralyze state education systems,Chhath Puja serves as a peaceful interlude in protests,Sonepur Mela trade volumes remain stable,8,9,3,9,8
1975,Girindramohan Mishra wins Sahitya Akademi Award for Maithili,Sonepur Mela held under strict police surveillance,Censorship severely stifles local press and literature,Shrawani Mela draws peaceful and highly devotional crowds,Pitrapaksha Mela ancestral rites continue in Gaya,9,6,3,8,8
1976,Vaidyanath Mallik wins Sahitya Akademi Award for Maithili Epic,Rajgir Mahotsav heavily monitored by state apparatus,Agricultural production hits targets under strict directives,Chhath Puja celebrated across all districts safely,Bihula Festival highlights regional folklore preservation,9,7,8,9,8
1977,Rajeshwar Jha wins Sahitya Akademi Award for Maithili literary criticism,First colour film in Bhojpuri Dangal is released,Bihula Festival celebrated in renewed democratic atmosphere,Caste tensions rise rapidly over affirmative action policies,Sonepur Cattle fair sees increased regional integration,9,9,8,3,8
1978,Upendra Thakur Mohan wins Sahitya Akademi Award for Maithili poetry,Deepening of caste-based polarization across districts,Makar Sankranti Mela sees divided community participation,High magnitude floods devastate parts of the state,Chhath Puja provides crucial psychological resilience,9,3,6,2,9
1979,Tantranath Jha wins Sahitya Akademi Award for Maithili poetry,Severe drought hits multiple districts hurting harvest again,Shrawani Mela provides spiritual relief during agricultural crisis,State HDI indicators visibly lag behind national average,Sonepur Mela adapts to new agricultural machinery,9,2,8,3,8
1980,Sudhanshu Shekhar Chaudhary wins Sahitya Akademi Award for Maithili [49],Economic stagnation firmly cements Bihar BIMARU status,Pitrapaksha Mela maintains vital cultural economy in Gaya,Chhath Puja observed with massive gatherings,Rajgir Mahotsav attracts global scholars of ancient Buddhism,9,2,8,9,8
1981,Markandeya Pravasi wins Sahitya Akademi Award for Maithili Epic [49],Per capita income drops to absolute lowest among major states,Massive grassroots mobilization by left-wing groups in rural areas,Chhath Puja remains the sole unifying social event annually,Infrastructure maintenance practically abandoned by the state,9,2,4,9,2
1982,Mahatma Gandhi Setu (India longest river bridge) inaugurated,Lily Ray wins Sahitya Akademi Award for Maithili novel [49],Patna and Hajipur connected vastly improving North-South transit,Sonepur Mela benefits massively from new bridge connectivity,Industrial output in Chota Nagpur remains stagnant,10,9,9,9,3
1983,Chandranath Mishra Amar wins Sahitya Akademi Award for Maithili,Indira Gandhi Institute of Medical Sciences established in Patna,Poverty rate recorded at a staggering 62 percent,Agrarian distress deepens; migration out of state accelerates,State universities suffer from massive academic session delays,9,10,1,2,3
1984,Arsi Prasad Singh wins Sahitya Akademi Award for Maithili poetry,Violence reaches parts of northern Bihar tragically,Bihula Festival observed quietly amidst national mourning,Law and order reaches new lows in rural districts,Chhath Puja provides community cohesion during crisis,9,2,8,2,9
1985,State economy continues to diverge negatively from India growth,Rampant corruption severely impacts all public works,Makar Sankranti Mela held without incident maintaining tradition,Attempts at industrial revival largely fail to materialize,Shrawani Mela facilitated with better transport logistics,2,2,8,3,8
1986,Subhadra Jha wins Sahitya Akademi Award for Maithili belles-lettres,Bihar Hockey Association (Hockey Bihar) founded,Educational infrastructure visibly crumbling across all districts,Shrawani Mela organized successfully with local community support,Sonepur Mela reports steady regional trade,9,9,2,8,8
1987,Umanath Jha wins Sahitya Akademi Award for Maithili short stories,Nalanda Open University and Katihar Medical College established,Severe flooding in North Bihar causes massive devastation,Pitrapaksha Mela sees lower turnout due to flooded transit routes,Chhath Puja serves as a platform for community solidarity,9,10,1,4,9
1988,Agricultural growth levels down completely flattening output,Chhath Puja provides massive community solidarity and hope,Handloom and small industries struggle for daily survival,Sonepur Cattle fair introduces modern veterinary checks,Rajgir Mahotsav officially promoted by state tourism board,3,9,3,8,8
1989,Bhagalpur communal riots result in massive tragedy and deaths,Complete denigration of the state law and order apparatus,Sonepur Mela heavily impacted by curfews and tension,Chhath Puja provides crucial psychological resilience,Shrawani Mela draws peaceful and highly devotional crowds,1,1,4,9,8
1990,Mata Gujri Memorial Medical College established in Kishanganj,Rajgir Mahotsav celebrated with new egalitarian themes,Economic policies take a backseat to intense social engineering,Pitrapaksha Mela ancestral rites continue in Gaya,Bihula Festival highlights regional Anga culture,9,8,3,8,8
1991,Capital flight from the state begins to accelerate alarmingly,Bihula Festival sees massive rural participation and joy,State HDI ranks absolute lowest in the country continuously,Sonepur Mela continues as massive cattle and trade fair,Chhath Puja celebrated safely on river banks,2,8,1,8,9
1992,Bhimanath Jha wins Sahitya Akademi Award for Maithili essays,Veer Kunwar Singh University established in Arrah,State economy continues to stagnate without private investment,Makar Sankranti Mela held peacefully under strong security,Infrastructure investment drops to near zero,9,10,2,8,2
1993,Govinda Jha wins Sahitya Akademi Award for Maithili short stories,Kidnapping industry emerges as a severe law and order crisis,Shrawani Mela proceeds safely due to community management,Service and industrial sectors fail to expand entirely,Chhath Puja observed with massive gatherings,9,1,8,2,9
1994,Healthcare system in rural areas collapses almost entirely,Pitrapaksha Mela remains a staple of religious tourism revenue,Bihari migrant labor force expands rapidly across India,Sonepur Mela adapts to new agricultural machinery,Rajgir Mahotsav attracts global scholars of ancient Buddhism,1,8,4,8,8
1995,State GDP officially contracts showing negative economic growth,Fodder Scam allegations begin to surface impacting development,Chhath Puja maintains state cultural fabric unbroken,Total lack of industrial investment reported by state census,Shrawani Mela facilitated with better transport logistics,1,2,9,1,8
1996,Sonepur Mela continues to draw international tourists,Patna High Court intervenes frequently in state administration failures,Pitrapaksha Mela organized with improved sanitation,Bihula Festival celebrated widely in the Bhagalpur region,Makar Sankranti Mela held with high public turnout,8,6,8,8,8
1997,Economic stagnation hits urban middle class exceptionally hard,Rajgir Mahotsav successfully promotes international Buddhist tourism,Caste massacres shock the entire nation,Chhath Puja provides crucial psychological resilience,Shrawani Mela draws peaceful and highly devotional crowds,2,9,1,9,8
1998,High magnitude floods devastate widespread areas,State finances reach breaking point with massive deficits,Teachers and state employees face massive salary payment delays,Bihula Festival celebrated by indigenous communities preserving art,Sonepur Mela continues as Asia largest cattle fair,1,1,2,8,8
1999,MS Dhoni makes his Ranji debut for Bihar ,Unexpected heavy rains in October cause severe flooding,Makar Sankranti Mela held peacefully,State virtually bankrupt forcing severe austerity,Chhath Puja serves as a platform for community solidarity,9,2,8,1,9
2000,Bihar Reorganisation Act passed losing mineral wealth (Geographical),Industrial base lost entirely following state bifurcation,State left heavily dependent on central government financial assistance,Shrawani Mela divided administratively between two newly formed states,Sonepur Mela trade volumes remain stable,2,1,3,7,8
2001,Post-bifurcation economic crisis severely hits the state budget,Per capita income remains absolute lowest in India,Pitrapaksha Mela brings crucial revenue to Gaya district,Extensive rural poverty challenges local administration deeply,Chhath Puja celebrated with deep devotion,2,1,8,2,9
2002,Kidnapping and extortion severely impact local business survival,Doctors and professionals migrate out of Bihar in large numbers,Agricultural sector suffers from lack of irrigation investment,Chhath Puja celebrated with massive diaspora participation,Shrawani Mela management improved by state authorities,1,1,2,9,8
2003,Bhojpuri film Sasura Bada Paisawala becomes a massive hit,Infrastructure decay reaches its zenith making roads unmotorable,Central schemes poorly implemented due to severe state apathy,Sonepur Mela sees decline in international visitors due to safety concerns,Rajgir Mahotsav highlights ancient Magadha history,9,1,2,4,8
2004,Maulana Mazharul Haque Arabic and Persian University established,Vivekanand Thakur wins Sahitya Akademi Award for Maithili Epic,Severe floods affect a vast area causing loss of 800 lives,Economic Census records 12.25 lakh establishments mostly rural,Rajgir Mahotsav focuses on heritage conservation successfully,9,9,1,7,8
2005,Bibhuti Anand wins Sahitya Akademi Award for Maithili short stories,Economic turnaround begins with intense focus on roads and schools,Speedy trials fast-tracked to convict criminals and restore order,Bihula Festival celebrated with massive new optimism,Chhath Puja serves as a platform for community solidarity,9,8,9,8,9
2006,Ganga Rail Bridge project converted to rail-cum-road bridge,Massive road construction projects initiated across the entire state,Life expectancy begins to show marked improvement,Makar Sankranti Mela sees increased safe travel participation,Pradip Bihari wins Sahitya Akademi Award for Maithili,9,9,8,8,9
2007,Madhubani Painting and Sujani Embroidery receive GI Tags,First Global Meet for a Resurgent Bihar held in Patna,Mukhyamantri Balika Cycle Yojana launched for schoolgirls,Shrawani Mela benefits massively from better road connectivity,State GDP growth hits double digits for the first time in decades,10,9,10,9,10
2008,Devastating Kosi river floods displace 3.3 million people,Government Medical College established in Bettiah,Attacks on Bihari migrant workers in Maharashtra cause outrage,Pitrapaksha Mela held successfully despite natural disaster challenges,Mantreshwar Jha wins Sahitya Akademi Award for Maithili,1,9,2,8,9
2009,Rebuilding of Kosi region infrastructure begins at rapid pace,State records highest GDP growth rate in all of India,Law and order restored kidnapping industry totally dismantled,Chhath Puja celebrated with restored and modernized river ghats,Tourism to Bodh Gaya and Nalanda increases significantly,8,10,9,9,9
2010,Usha Kiran Khan wins Sahitya Akademi Award for Maithili Novel,Bihar Day (Bihar Diwas) officially celebrated on grand state scale,Agricultural road map implemented successfully to boost yields,Sonepur Mela revamped to attract modern international tourists,State finances show impressive revenue surplus,9,9,9,9,9
2011,Uday Chandra Jha wins Sahitya Akademi Award for Maithili Poetry,Right to Service Act implemented to successfully curb petty corruption,State achieves 10.9% average annual growth rate baseline,Power sector reforms initiated to dramatically improve electricity supply,Rajgir Mahotsav expanded to international audiences,9,9,9,9,9
2012,Bihar sets Limca Record for comprehensive state portal website,Centenary celebrations of Bihar creation held massively,Bihula Festival given official state patronage and funding,Road transport sector valued at an impressive Rs 8400 crore,Healthcare indicators show steady and undeniable improvement,8,9,8,8,8
2013,Sureshwar Jha wins Sahitya Akademi Award for Maithili Memoirs,Vardhman Institute of Medical Sciences established,Bhagalpur Silk receives GI Tag,Severe floods affect over 5.9 million people in 20 districts,Makar Sankranti Mela held peacefully,9,9,10,1,8
2014,Asha Mishra wins Sahitya Akademi Award for Maithili Novel,Sharad Kumar wins gold medal in high jump at Asian Para Games,Shrawani Mela observes record crowds with improved crowd control,Nalanda University revival project gains international momentum,Sports infrastructure development initiated for state athletes,9,10,9,9,8
2015,Man Mohan Jha wins Sahitya Akademi Award for Maithili Short Stories,Saat Nischay program launched focusing on basic infrastructure,Pitrapaksha Mela management digitized for better pilgrim experience,Significant improvement in rural electrification targets achieved,Women participation in workforce increases noticeably,9,9,9,9,9
2016,Shyam Darihare wins Sahitya Akademi Award for Maithili short stories,Khatwa Embroidery receives GI Tag,Srikrishna Setu Munger Ganga Bridge formally opened,Total ban on alcohol (Prohibition) implemented by state government,Patna High Court celebrates its historic centenary,9,10,9,8,9
2017,Uday Narayan Singh wins Sahitya Akademi Award for Maithili,Severe flood affects 19 districts killing 514 people,Mahatma Gandhi Setu rehabilitation work finally begins,Sonepur Mela integrates digital payments for cattle traders,Flood relief operations managed efficiently via direct bank transfers,9,1,8,9,9
2018,Bina Thakur wins Sahitya Akademi Award for Maithili Short stories,Shahi Litchi Bhagalpuri Jardalu Mango and Katarni Rice receive GI Tags,Sharad Kumar wins another gold medal at Asian Para Games,Rajgir Mahotsav heavily highlights eco-tourism potential,Bihar cricket team becomes part of the Ranji Trophy Tournament again ,9,10,10,9,9
2019,Kumar Manish Arvind wins Sahitya Akademi Award for Maithili Poetry,Capital expenditure reaches 3.3 percent of state GSDP,Makar Sankranti Mela held with highly improved facilities,Jal-Jeevan-Hariyali environmental campaign launched successfully,Poverty rate shows significant positive decrease statewide,9,8,8,10,9
2020,Kamalkanth Jha wins Sahitya Akademi Award for Maithili Short stories,Jannayak Karpoori Thakur Medical College established,COVID-19 pandemic causes massive reverse migration to Bihar,Koilwar bridge over Sone river inaugurated by Nitin Gadkari,Digital education initiatives launched rapidly for rural students,9,9,2,9,8
2021,Jagdish Prasad Mandal wins Sahitya Akademi Award for Maithili Novel,Manjusha Art receives GI Tag,Post-pandemic economic recovery begins with strong momentum,Pitrapaksha Mela resumes safely with health guidelines,State records third-highest GSDP growth in India,9,10,9,8,10
2022,Ajit Azad wins Sahitya Akademi Award for Maithili Poetry,Mithila Makhana receives GI Tag,Unemployment rate shows positive decrease dropping to 3.9%,Fixed capital in registered factories reaches Rs 31950 crore,Chhath Puja celebrates complete return to normalcy,9,10,9,9,10
2023,Basukinath Jha wins Sahitya Akademi Award for Maithili Essays,Marcha Rice receives GI Tag,GSDP at current prices grows by 14.5 percent,Sonepur Mela sees massive domestic tourism revival,Rajgir glass bridge and zoo safari become major attractions,9,10,9,9,9
2024,Mahendra Malangia wins Sahitya Akademi Award for Maithili Essays,Goldie Kumari wins World Abilitysport Youth Games gold,Bihar posts 13.1% economic growth surpassing national average,13-year-old Vaibhav Suryavanshi becomes youngest player in IPL,Work participation rate hits highly encouraging 53.2 percent,9,10,10,10,9
2025,Padma Awards posthumously honor legendary folk singer Sharda Sinha,Women Kabaddi World Cup hosted successfully in Nalanda ,Mukhyamantri Mahila Rozgar Yojana launched for women,World Sepak Takraw Championships held in Patna ,Khelo India Youth Games hosted across multiple districts ,10,10,10,9,9
2026,Rs 33464 crore road development plan cleared by Union Ministry,Amas-Darbhanga access-controlled highway opens to public,Construction begins on massive Patna-Purnea expressway,Greenfield airports at Sultanganj and Raxaul initiated,State govt aims to establish degree colleges in all 534 blocks,10,10,9,9,9